GCF_000262345.1_NZ_AJTQ01000063.1_04996_65	-----VTSISYCTPGCTSEGGGSGCSHCC-	
GCF_000381025.1_NZ_KB905819.1_04900_64	-----VTSISYCTPGCTSEGGGSGCSHCC-	
GCF_015910445.1_NZ_CP048882.1_01288_1223	-----ITSISYCTPGCTSEGGGSGCSHCC-	
GCF_026341775.1_NZ_JAPEOB010000003.1_05579_1222	-----ITSISYCTPGCTSEGGGSGCSHCC-	
GCF_000720115.1_NZ_JOIR01000021.1_05848_1196	-----ITSVSYCTPGCTSEGGGSGCSHCC-	
GCF_001905795.1_NZ_LIXJ01000007.1_04440_1197	-----ITSVSYCTPGCTSEGGGSGCSHCC-	
GCF_029968095.1_NZ_JASCIR010000019.1_02127_1195	-----ITSVSYCTPGCTSEGGGSGCSHCC-	
GCF_900090145.1_NZ_FMHI01000015.1_01414_1198	-----ITSVSYCTPGCTSEGGGSGCSHCC-	
GCF_024171895.1_NZ_JAMTCQ010000009.1_01051_61	-----VTSVSYCTPGCTSEGGGSGCSHCC-	
GCF_000952035.2_NZ_CP007699.2_01600_67	-----VTSISYCTPGCTSDGGGSGCSHCC-	
GCF_001294335.1_NZ_LGKG01000177.1_05884_66	-----VTSISYCTPGCTSDGGGSGCSHCC-	
GCF_002148965.1_NZ_NGFN01000209.1_03343_1224	-----ITSISYCTPGCTSDGGGSGCSHCC-	
GCF_001905845.1_NZ_LIVZ01000011.1_01407_1199	-----ITSVSYCTPGCTSDGGGSGCSHCC-	
GCF_004125265.1_NZ_RDTE01000003.1_00126_1239	-----ITSISFCTPGCTSDGGGSGCSHCC-	
GCF_004125265.1_NZ_RDTE01000003.1_07269_1240	-----ITSISFCTPGCTSDGGGSGCSHCC-	
GCF_000739045.1_NZ_KN039946.1_03589_1206	-----ITSVSWCTPGCTSEGGGSGCSHCC-	
GCF_001905385.1_NZ_LIPF01000002.1_07042_1208	-----ITSVSWCTPGCTSEGGGSGCSHCC-	
GCF_002277855.1_NZ_NQOS01000120.1_01234_1207	-----ITSVSWCTPGCTSEGGGSGCSHCC-	
GCF_009872555.1_NZ_WWIC01000192.1_04150_1201	-----ITSVSWCTPGCTSEGGGSGCSHCC-	
GCF_014649815.1_NZ_BMTT01000007.1_05646_1205	-----ITSVSWCTPGCTSEGGGSGCSHCC-	
GCF_023534745.1_NZ_JAMHJQ010000009.1_03746_1209	-----ITSVSWCTPGCTSEGGGSGCSHCC-	
GCF_027570385.1_NZ_JAMYEN010000240.1_05545_1200	-----ITSVSWCTPGCTSEGGGSGCSHCC-	
GCF_030403545.1_NZ_JAUEPC010000029.1_02127_1204	-----ITSVSWCTPGCTSEGGGSGCSHCC-	
GCF_030403635.1_NZ_JAUEPA010000040.1_04313_1202	-----ITSVSWCTPGCTSEGGGSGCSHCC-	
GCF_030814495.1_NZ_JAUSVD010000001.1_03055_1203	-----ITSVSWCTPGCTSEGGGSGCSHCC-	
GCF_014207445.1_NZ_JACHEM010000003.1_01667_1210	-----ITSVSWCTPGCTSDGGGSGCSHCC-	
GCF_014655855.1_NZ_BNBN01000004.1_05735_1211	-----ITSVSWCTPGCTSDGGGSGCSHCC-	
GCF_016526145.1_NZ_JADDUE010000020.1_05376_60	-----VTSVSYCTPGCTSEGGGSNCSHCC-	
GCF_017434145.1_NZ_JAFRFW010000176.1_05322_59	-----VTSVSYCTPGCTSEGGGSNCSHCC-	
GCF_000482865.1_NZ_AXWW01000016.1_05868_1229	-----ITSISLCTPGCTSAGGGSNCSFCC-	
GCF_024171925.1_NZ_JAMTCO010000009.1_02998_1228	-----ITSISLCTPGCTSAGGGSNCSFCC-	
GCF_014648375.1_NZ_BMQZ01000002.1_00295_1214	-----ITSVSLCTPGCTSAGGGSQCSFCC-	
GCF_018324205.1_NZ_AP023356.1_04635_1213	-----ITSVSLCTPGCTSAGGGSQCSFCC-	
GCF_000511135.2_NZ_KI866523.1_01641_58	-----VTSWSLCTPGCTSPGGGSNCSFCC-	
GCF_900101685.1_NZ_FMZZ01000002.1_01275_63	-----VTSVSLCTPGCTSPGGGSNCSFCC-	
GCF_003185945.1_NZ_QHLO01000008.1_00512_1233	-----ITSISLCTAGCTSPGGGSQCSWCC-	
GCF_029853715.1_NZ_CP122561.1_01549_1234	-----ITSISLCTAGCTSPGGGSQCSWCC-	
GCF_029853735.1_NZ_CP122562.1_01302_1237	-----ITSISLCTAGCTSPGGGSQCSWCC-	
GCF_029853755.1_NZ_CP122563.1_01923_1235	-----ITSISLCTAGCTSPGGGSQCSWCC-	
GCF_029853775.1_NZ_CP122564.1_01925_1238	-----ITSISLCTAGCTSPGGGSQCSWCC-	
GCF_029853815.1_NZ_CP122566.1_01549_1236	-----ITSISLCTAGCTSPGGGSQCSWCC-	
GCF_001552215.1_NZ_BCQT01000021.1_06523_68	-----VTSHSVCTPGCTSPGGGSFCSWCCC	
GCF_019175365.1_NZ_CP059572.1_03469_70	-----VTSHAVCTPGCTSPGGGSFCSWCCC	
GCF_947533635.1_NZ_CANNXG010000017.1_01919_2040	DDEALITSFILCTAGCTSKGGGSACSWCC-	
GCF_001652275.1_NZ_LVZK01000001.1_00540_1216	-----ITSVSLCTAFCTSQGGGSFCSFCC-	
GCF_007164525.1_NZ_AP019791.1_01252_1186	-----ITSYSLCTPGCAKT--GSFNSYCC-	
